{"cameraMode":{"drawMode":0,"name":"Shaded","section":"Shading Mode"},"sceneLighting":true,"audioPlay":false,"sceneViewState":{"showFog":true,"showMaterialUpdate":false,"showSkybox":true,"showFlares":true,"showImageEffects":true,"showParticleSystems":true},"in2DMode":false,"pivot":{"x":6.279296875,"y":3.521728515625,"z":-0.02294921875},"rotation":{"x":0.050077326595783237,"y":-0.8995043635368347,"z":0.10709299892187119,"w":0.4206134080886841},"size":2.5612993240356447,"orthographic":true}